Label,Description,MacAddress,Width (px),Height (px),Width (cm),Distance to screen,Screen number,Device,height,faceHeight,faceWidth,circleRadius,centerx,centery,rightx,rightEdge,leftx,leftEdge,spacer,timeDelay
Mon 1,4-134 (front left),a8:a1:59:94:23:c1,3840,2160,122.88,140,0,Desktop,1.4375,1.03125,1,1,-0.05,0.75,1.0025,61.09725686,-1.02,60.04901961,1.0625,91.54
Mon 2,4-134 (front right),a0:af:bd:7a:12:f9,3840,2160,122.88,140,0,Desktop,1.4375,1.03125,1,1,-0.05,0.75,1.0025,61.09725686,-1.02,60.04901961,1.0625,96.02
Mon 3,4-134 (left side at front),1c:87:2c:d2:10:8a,3840,2160,122.88,140,0,Desktop,1.4375,1.03125,1,1,-0.05,0.75,1.0025,61.09725686,-1.02,60.04901961,1.0625,99.04
Mon 4,4-134 (left side in middle),80:c1:6e:e0:1c:ea,3840,2160,122.88,140,0,Desktop,1.4375,1.03125,1,1,-0.05,0.75,1.0025,61.09725686,-1.02,60.04901961,1.0625,102.56
Mon 5,4-134 (left side at back),a0:af:bd:7a:13:1c,3840,2160,122.88,140,0,Desktop,1.4375,1.03125,1,1,-0.05,0.75,1.0025,61.09725686,-1.02,60.04901961,1.0625,109
Mon 6,4-134 (small room next to door),a8:a1:59:9a:f2:28,3840,2160,122.88,140,0,Desktop,1.4375,1.03125,1,1,-0.05,0.75,1.0025,61.09725686,-1.02,60.04901961,1.0625,109
Mon 7,4-134 (small room back),80:c1:6e:e2:0f:12,3840,2160,122.88,140,0,Desktop,1.4375,1.03125,1,1,-0.05,0.75,1.0025,61.09725686,-1.02,60.04901961,1.0625,109
Mon 8,Dolphin Room,b0:35:9f:69:36:e3,3840,2160,122.88,140,0,Desktop,1.4375,1.03125,1,1,-0.05,0.75,1.0025,61.09725686,-1.02,60.04901961,1.0625,109
Remote 9,Caominh's Laptop,10:5b:ad:8b:52:ac,1920,1080,35,50,0,Laptop,1.425,1,1,1,-0.05,0.7,1,27.5,-1,27.5,1.05,109
