Correct Response,Rotation (deg),Reaction Time (ms),Word
1,30,393.1645590022672,0
1,0,524.102774998406,0
1,60,609.5982239898294,0
1,180,425.59368699986953,0
1,120,401.2097449998837,0
